"prob","estimate.1","estimate.2","estimate.3","lower.1","lower.2","lower.3","upper.1","upper.2","upper.3"
0.5,-0.524089570493466,-0.526272761154553,-0.350979126556971,-1.14341184115,-2.46750094306145,-3.03995337029789,0.131818885708791,1.3735713589128,2.28900035435864
0.9,-0.195891630124783,0.325365831084523,0.714559039154404,-0.721953452781779,-0.633778791069398,-0.618640358350591,0.185592687822879,1.31347054565516,2.17551888192977
0.95,-0.298068427408523,-0.105114976392301,0.107607046232508,-0.750338525597332,-1.18775919274103,-1.4509944328259,0.120570069638887,1.01413023422439,1.6147117656791
0.5,0.408169042593372,1.72571242634618,2.50547253419558,-1.21320752771969,-0.893441032953171,-0.518724135656626,1.81804145602386,4.3553708237491,5.85343073520904
0.9,-0.719572392021782,-1.41702680702221,-1.49816963018212,-1.50155287056513,-4.3010144621335,-5.22582222240041,-0.0626226284981528,1.05483117097265,2.06402880964339
0.95,0.155392519873016,0.935177924530119,1.41344370171376,-0.752010665030479,-0.288038949591434,-0.0217053595097231,1.17583947221552,2.62878225092532,3.45142001180235
0.5,0.561449504947687,0.965132002449161,1.21304282417136,-0.0213665197078317,-0.339940213911887,-0.508880211551151,1.0641403324538,2.27961985261901,3.02610553150569
0.9,-0.580371202666425,-0.246385119880782,0.100217765366798,-1.06110617960346,-1.52350805292535,-1.5797109359132,-0.0247108257180775,0.987321744838895,1.70103861049462
0.95,-0.543796571382902,-0.621398191136539,-0.523173565252161,-1.04300742058535,-1.95737699458292,-2.27982061845229,0.0159638280357282,0.688247210032921,1.28813028072362
0.5,-0.377233856321261,-0.950287367428345,-0.886195668114851,-1.40824523697932,-4.24250002453322,-5.49808685979056,0.689007781570427,2.19365431221901,3.3989312922507
0.9,-0.316913929916219,-0.473502296003035,-0.376516840265492,-1.40734839887915,-2.62513412240927,-3.35437709887456,0.929897211466983,2.3314747508265,3.38063574120254
0.95,-0.699365624816524,-0.631339409611023,-0.350861460276696,-1.28254936175284,-3.07819190294238,-3.50616111608873,-0.235979657656903,1.29016414160246,2.34453656290891
0.5,-0.327747477104605,-0.136631157285503,0.0774197001124758,-1.27229937777278,-1.9065953373295,-2.20843648956356,0.878705395247728,2.18330373558926,3.05761150770858
0.9,-0.564439820678312,-0.732895653617465,-0.644851175501613,-1.01733006068172,-2.4330822922697,-2.86459759823176,-0.159290510891091,0.678692490378715,1.37138542271778
0.95,-0.406178491429308,-0.184879880983123,0.0969483197575292,-1.21033706545547,-2.31622998305349,-2.70860296006264,0.590643349995297,1.98005764192697,2.95601094990744
0.5,0.410009531132732,0.730101849090316,0.940817590276651,-0.367719021214179,-0.57843019393619,-0.69418523840192,1.22176369258916,2.28263034912509,2.89293538556333
0.9,-0.762929081981846,-1.62634369193557,-1.79778204245757,-1.67111425967301,-5.50919996739199,-6.94557890092478,-0.120995779582918,1.20394000807224,2.14912946620233
0.95,-0.550097456439665,-0.817523835754604,-0.784310087148156,-1.10986970647933,-2.41405829106048,-2.9609142511601,-0.00946850337739138,0.842935957733351,1.61123676542645
0.5,-0.192827883016203,-0.593509131414813,-0.667611219160726,-0.815514194636331,-2.3034648934736,-3.00346288686129,0.46975690192846,0.928788877852024,1.48497733208276
0.9,0.0637275060051305,0.37103494467925,0.580882368757199,-0.911705070837892,-1.05510026821875,-1.25958510944773,1.2043556605732,2.09054662077681,2.78076413589443
0.95,-0.63578462866095,-1.20608534775667,-1.29687221113256,-1.23901351869537,-3.68241437387661,-4.72463907584319,0.0262389348680833,0.980841984720393,1.66569513554831
0.5,0.0668078162053084,0.92375841040644,1.45876553975294,-0.581914411933984,-0.295571420888162,-0.201435891494175,0.950487486693422,2.48597650380074,3.40950959381267
0.9,-0.154882705849577,0.00542147821291634,0.27825718498688,-0.82814678089088,-1.49038514499044,-1.87585563152581,0.538388259949681,1.66218333499045,2.75160078408974
0.95,-0.276969895197492,0.0564453853927218,0.29489170197449,-1.02357068400318,-1.36336145807344,-1.49339374290812,0.768076608873537,1.87564625638288,2.55866222319831
0.5,-0.600304763594692,-0.421721966530784,-0.104776421717104,-1.2115669322017,-2.59892990204653,-2.96833501085865,0.090665339244196,1.59700804706613,2.66228340270806
0.9,-0.484463463941648,-0.243598946010737,0.0456019230485404,-1.01965850881392,-1.68287923948407,-1.73807447995761,0.0843993656274657,0.954760509766366,1.73153421713466
0.95,-0.594664612096063,-1.01436115121018,-0.841302013072914,-1.3159693562016,-3.68407087028626,-4.48254956014103,0.138948994610206,1.081927089375,2.34814989474853
0.5,-0.418328458242514,-0.208359485520713,0.0513952331926985,-1.20188561849374,-1.75292692929697,-1.93414798805722,0.122365868669309,1.39027514334779,2.2289355596008
0.9,0.605398667368403,1.6295513931056,2.17139695581748,-0.194606692863238,0.305935534060344,0.462680656589223,1.40652683007961,2.97984535945108,3.9647442220962
0.95,-0.501567756944751,-0.424461494078207,-0.213502820337334,-0.975179802653025,-1.5344815433603,-1.7141265125256,-0.0656207374799006,0.714411766650389,1.4153862679803
0.5,-0.189419852453055,-0.29288879259969,-0.218887383770637,-0.725455044531643,-1.9440761007303,-2.49108558142965,0.257907004393066,1.20306869323899,1.80876782777826
0.9,-0.30120303656688,0.131992318272942,0.495920744957454,-1.18984630028311,-2.47431311042093,-2.81808194115853,0.746527940753116,2.87047105638991,4.28267355584178
0.95,-0.0852316972168281,0.627716907437897,1.08364613967883,-1.00208011299594,-0.880467919625456,-0.69656828048142,1.01792653127884,2.39015338114688,3.13802710592874
0.5,-0.0955045982535217,0.324502652123618,0.642772631279484,-0.600599877961105,-0.845233753541563,-1.11456465779114,0.354656230867965,1.42926620279179,2.22182028943369
0.9,-0.53053257440433,-0.998742620624699,-0.991595220729261,-1.16680656655313,-3.40575027399869,-4.03332337019048,0.397702758185196,1.22260042488024,1.96357173814721
0.95,-0.386718862356083,0.134504931409131,0.596847382250114,-0.905658979740938,-1.4015306778173,-1.56796613247989,0.102185171203427,1.641067299919,2.77730159485146
0.5,0.148893121307212,1.18544972641883,1.81279552592732,-0.769640402969052,-0.258805478802183,-0.129064813703831,1.01961350063308,2.97848213524915,4.08710676333419
0.9,0.434666780181921,0.712264817961015,0.882181501786106,-0.366820770619017,-0.843966614628549,-1.1834931482255,1.16317005187353,2.34002031273467,3.09077305417884
0.95,-0.586337954059822,-0.770247867554588,-0.675770125360223,-1.05858878848499,-2.29049504757878,-2.76451073268798,-0.0342634478833046,0.760141171351209,1.26685942031136
0.5,-0.523378949846253,-0.302307123698174,0.0428713961327483,-1.23155497397727,-2.14675601387079,-2.4510741378273,0.585776049260523,1.93185978396851,2.7778349233903
0.9,-0.0748735337863596,0.635356657750957,1.14786359520606,-0.979868871528643,-1.13286875728787,-0.998914396015609,0.85878886357488,2.70911313148767,3.74790558878363
0.95,-0.788855002383252,-1.21334204250486,-1.12313106070284,-1.37492792930504,-3.41749362659598,-4.11665026487061,-0.238607656476592,0.860534062230101,1.85285602912258
0.5,-0.0128680145932074,0.486553019573533,0.885180031621492,-0.929631447626162,-1.51894547973807,-1.68477381503287,0.796763605703696,2.34606788814141,3.28500163146838
0.9,-0.0625128166626668,0.131184376450515,0.367519009114012,-1.02548385149073,-1.47184280065286,-1.71696201126492,0.931039550870694,2.16854470945943,2.95526091195395
0.95,-0.377972321586081,-0.364358076043439,-0.270048945170176,-0.988804830840064,-1.92294718249949,-2.43166612117848,0.324145878997669,1.3063642501431,1.95723429974768
0.5,-0.333800089390733,-0.551991890064828,-0.506734004632302,-1.01074897358514,-2.64498351619643,-3.36529245309521,0.8364089153013,1.6445201434242,2.30163919355149
0.9,-0.225581320041238,-0.230072400725685,-0.147078970795733,-0.808138128292541,-1.41186631748787,-1.79392955191501,0.48142055099785,1.02960191361451,1.47139821840872
0.95,-0.715039973279199,-0.447535172002261,0.0656680999054977,-1.60381817351473,-3.4912175806166,-3.96774335780172,0.16790643839866,2.86835329506085,4.96404437878994
0.5,-0.608945613767257,-0.711437784958858,-0.38988964527487,-1.64591049455902,-3.45275489828651,-4.26282378275283,0.444681328087061,2.37991085178127,3.93937460752291
0.9,0.0617976037558169,1.71454086199983,2.72240507624979,-0.898261619025775,-0.885104446613489,-1.13318630871086,0.95296271644649,4.17350217305249,6.30801848711597
0.95,-0.341746042944196,-0.0422864963718599,0.260941208780093,-1.55990821997021,-3.30458406336529,-3.87304814827362,0.523599784351604,2.59043325305744,3.74888320064269
0.5,0.106344425074508,0.967532990383894,1.48618338995068,-0.806618666196507,-1.63098929237009,-2.20185688143055,1.24473798194888,3.84919587433843,5.41002996510033
0.9,-0.142144825157122,0.611124255368707,1.11048601945515,-1.09158074090073,-1.10263852719876,-0.944506656532454,1.0366005491011,2.46647982392732,3.45956434131483
0.95,0.00984247126800077,0.420778660898056,0.713313217530203,-0.805060997642457,-0.998468865208453,-1.1430976419149,1.06565738948536,2.47359581118781,3.2663122088569
0.5,-0.275860656239039,-0.149953680854371,0.0869591709785648,-0.816024094236796,-1.53116897276326,-1.93467591931664,0.113408861452051,1.26190022198985,2.11557867107759
0.9,-0.412321845869734,0.005729046421602,0.325323367211237,-0.82884501786193,-0.868631806133376,-1.05006771402236,0.053937367349364,1.05157883827309,1.70880117790408
0.95,-0.378098150871916,-0.138939559944218,0.116580164093359,-0.720806207955027,-1.02159605282718,-1.27461313422285,-0.00989871361288611,0.741920776656899,1.36537918157589
0.5,-0.295209627106103,0.371962951717488,0.846412046975079,-0.972327990918971,-1.05299793032452,-1.06805401466924,0.155724696968237,1.66756044149652,2.62517162317288
0.9,0.123856332940082,0.6253510909791,0.932253744384772,-0.580660012448815,-0.92619216236545,-1.09622618227171,0.794036939554192,2.1917420579349,2.92043369247118
0.95,-0.664851046932791,-0.0896859830120874,0.492332586927544,-1.24951606279157,-2.5285950972425,-2.84758424879472,-0.0881402362019795,1.84652910432752,3.12600383556199
0.5,0.239205601203184,0.964549837274031,1.46448795788564,-0.601400019336388,-0.854674865646964,-1.05774784940843,1.1428182827979,3.03455530326387,4.2739103945294
0.9,-1.00297504007403,-1.13158789975912,-0.66575545417691,-2.68820330698746,-7.58340499732265,-9.00849707767679,-0.201640593942827,3.08896198031279,5.06664359067415
0.95,-0.618034070842127,-0.911687826132033,-0.785817272751955,-1.41535352874871,-3.25698315392299,-3.80196825526819,0.0931108921300456,1.28792310023978,2.4040546107476
0.5,-0.873115653300491,-0.877017035431465,-0.446447082099053,-1.62493693441968,-4.10821306162782,-4.82284711699791,-0.335980709280615,1.64082990979973,3.23331173241275
0.9,-0.116962390172768,0.397894547558792,0.745236119429261,-1.04016326326987,-1.30973679490247,-1.64048743531381,0.91767019254907,2.5093862450212,3.44765908110743
0.95,-0.9001799164295,-0.766822310339678,-0.24035629521628,-1.46103302406002,-3.36302973069587,-3.82124225097324,-0.363268478206155,1.63254060920389,2.99134533861701
0.5,-0.389730204334679,0.636794639653861,1.44187776493977,-1.68836441877654,-3.58212823133483,-3.78274086120678,0.557689796019144,3.39792273792527,5.33840654291987
0.9,-0.175846805089648,0.595278375334916,1.26954886898581,-1.40564039002395,-2.64734100876851,-3.26837625074798,1.30686975746458,4.38049712544672,6.68740626634153
0.95,-0.0829093406251768,0.373608609621776,0.714220005489243,-0.743264765054003,-0.456571348360387,-0.362075488250103,0.618145502966906,1.55877109502234,2.01848066070012
0.5,0.275352297187326,1.12635269186787,1.6575202741296,-0.574101806511027,-0.712896421169642,-0.70019997394778,1.35095259846019,3.39440654803217,4.54010776898291
0.9,-0.725497661182993,-0.386375502948157,0.0496993709395415,-1.40380739110621,-2.89230892812182,-3.42374948815891,-0.196702901299047,1.54729373680788,2.6596879314722
0.95,-0.644433333359945,-0.601761704166047,-0.271838727192403,-1.23607499250743,-2.5972956941973,-2.89489742452669,-0.0250180156073215,1.29907906752192,2.51327168248569
0.5,-0.989142666360804,-1.92689232424902,-1.88028823764362,-1.95513251087832,-6.71720209850664,-8.29325614533708,-0.207904673906534,1.85069401435359,3.75192645743842
0.9,0.144308288713045,0.544752758157097,0.77015257613591,-1.18953051762484,-1.92526839401487,-2.41927909595132,1.46600079183729,2.84022803222247,3.73256726162612
0.95,-0.376639266169646,0.143426751698237,0.638204447819357,-1.42169239563799,-2.63458907653677,-3.27767966894998,0.881640062752754,3.11326864325656,4.56848977682987
0.5,-0.416352429785589,-0.119329084016495,0.138880989473697,-1.01232270744473,-1.16750249866517,-1.21400398896791,0.384801951714012,1.14306251010897,1.75774406436288
0.9,-0.556780573979067,-0.507571614647498,-0.247294673504121,-1.15281223087915,-2.44088781528127,-2.77648690685934,-0.0687077264774099,1.15818275180716,2.24666905273099
0.95,-0.777102905575309,-0.962750289502324,-0.682750234502074,-1.56886085490915,-3.90224118055985,-4.93181396191035,-0.0730753642332943,2.25436331425406,3.78077943110409
0.5,-0.754143603042984,-1.00812928238898,-0.848522076744504,-1.12253755631227,-2.62261827199753,-3.02797787900151,-0.419346897377467,0.367222763507647,1.1078311076891
0.9,-0.0640171388217901,0.657369346650667,1.12983197003041,-0.704075511809221,-0.668654249308722,-0.692383022585197,0.709002116611503,2.20697738621978,3.28767330743316
0.95,0.0136859780796736,0.405574746450818,0.693604462847354,-0.935521982395664,-1.6061209332785,-2.06684255638596,0.676301187723398,2.68319335974708,3.77298802913711
0.5,-0.217038509438698,-0.0617925843409707,0.15453325774986,-0.991448090759816,-2.05030162628092,-2.37203187991005,0.504748575296186,1.92076989953013,2.58427707386545
0.9,-0.496916958249571,-0.0205795228314464,0.401573825564071,-1.03863547620428,-1.59046451016744,-1.83902489396018,0.121058393517237,1.36680430009549,2.22610754752713
0.95,-0.605642247237623,-1.22334194116188,-1.3325617426602,-1.54482662612974,-4.46377383638735,-5.56459420916824,-0.000278888957505377,1.03098802179335,1.89858673836815
0.5,0.137524829202704,0.522177135679497,0.83919680936983,-0.457150710538523,-0.268031470868105,-0.316583523922885,0.656784830841748,1.34690918081056,2.03028768752139
0.9,-0.484325496082377,-0.0710958440869219,0.443831409733217,-1.79277114984277,-3.83492213696015,-4.52837067384597,0.572601250801652,3.62790095851851,5.69293278330264
0.95,-0.54227063070425,-0.779889334370075,-0.716715891603515,-1.00798416848999,-2.32884182601471,-2.91098617384569,-0.0862671173943945,0.722729587172588,1.49563391930631
0.5,0.738651878440787,1.38148414519369,1.74949955083504,0.0695036537529245,0.0137687892279926,-0.05850115579921,1.2664770367451,2.79136464472948,3.62787422456536
0.9,0.819043080083133,2.16899926271763,2.93008952827286,0.0851550027458797,0.424527815993954,0.407657192965517,1.44120155162708,4.03065029988136,5.43558629117027
0.95,-0.428474092267967,-0.047018463498162,0.261423740135191,-0.813529619398416,-1.27343915328876,-1.43038087242185,-0.0055735898594056,1.05966331984558,1.75975380220378
0.5,-0.903756879005848,-1.54776980016051,-1.41855300654498,-2.2723769179442,-7.46859850287176,-9.40035627520342,0.0284874434418607,2.6647374543343,4.29222178299202
0.9,-0.0715713880146456,0.773950500073385,1.33752296575058,-0.881421074708927,-0.917109560738134,-0.832261850027949,0.498689999336098,2.37784256880677,3.73558329943243
0.95,-0.503083194894037,-0.653440687854295,-0.545162394578192,-1.15634704320578,-2.55162184695733,-3.15941970597459,0.558071219552133,1.50999985922727,2.32558585222668
0.5,-0.25887435259318,0.109078180498033,0.368120381100681,-0.939070586667621,-1.25777706089871,-1.54500164408867,0.609107992180575,1.65643492103943,2.59470863945464
0.9,-0.671252284195874,-0.341990806014927,0.0757153593303661,-1.33313282913814,-2.41583728732661,-2.79848220014084,-0.033966457407072,1.39650546240597,2.55746350436291
0.95,-0.502129636605158,0.0220289136005867,0.469530092973525,-0.964942623152604,-1.23103012230993,-1.33357161237556,-0.0714987594741946,1.10408381457877,2.0728474190876
0.5,-0.50310016326893,-0.441070515095175,-0.239089303919453,-1.15840482398349,-2.87257863693835,-3.71998355874802,-0.0109275005149697,1.46320790264056,2.41430975733769
0.9,-0.250853388298804,-0.0301031219228556,0.190060474353723,-1.20386125009686,-2.17457298379172,-2.58163945313373,0.880240092814858,2.3891476472777,3.18933244414033
0.95,-0.432632414508997,-0.434988565291166,-0.303973931406063,-1.07320265989326,-1.98680868002739,-2.40230402311526,0.0804631865408515,1.01951444891556,1.78208580437666
0.5,0.665240114387152,1.70158087436536,2.3031867544383,-0.123306280884655,0.188412723246925,0.323296388443244,1.58036893575607,3.56538459932009,4.85182464393445
0.9,-0.468848049745799,0.234617488734092,0.830084464346288,-1.06335033482693,-1.47889859265192,-1.48128412933877,0.138718933549164,1.8955229929195,3.31019588942486
0.95,-0.00268940006167738,0.443553982903224,0.767395048990491,-1.33940932092277,-1.72779108912909,-1.98395002669083,1.44149861367833,3.11209077561804,4.2611116255568
0.5,-0.571741308080926,0.0717996467029751,0.6064423144107,-1.10996562925396,-1.61571176229965,-1.40034977530663,-0.107860673136268,1.50779715826549,2.53890274504646
0.9,-0.596841996645396,-0.450419807440638,-0.196365645206313,-1.08636179048224,-2.2968900881232,-2.80085918304311,-0.111526756857112,1.12271381613704,1.96112865770005
0.95,-0.401736023663503,-0.17479860281778,0.0507204027341839,-0.96681771759772,-1.68260664112179,-2.09540165367816,0.101076991709156,1.25288836868015,2.10463043286758
0.5,-0.114493173237013,0.289161312781003,0.631724936163018,-0.977066538608851,-2.01730246329927,-2.44323872332258,0.928989536875131,2.77494287175549,3.71406364729691
0.9,-0.552086438822489,-0.256284537911824,0.0687695362273114,-0.934875837652176,-1.77214882431332,-2.1650952432571,-0.160615137081576,0.986406809126766,1.83301931577225
0.95,0.710854006040316,1.66315924190415,2.19661762501244,-0.173815736823403,0.0103118356686014,0.0944964566210144,1.53993603837207,3.09697327626383,4.02639410359081
0.5,-0.441211562334911,0.279410233526996,0.914221204415445,-1.09496492531933,-1.67268682109083,-1.78779309855298,0.331621804969804,2.06332264594148,3.23263567197122
0.9,0.474734938628751,1.15007611464639,1.51623094192946,-0.589254779665501,-0.511223155877661,-0.520250490076246,1.47158164681638,2.98629167827742,3.87842354661044
0.95,-0.785456262139841,-0.542997950259741,-0.136119134827859,-1.21934272813338,-2.33164638066791,-2.37780266281666,-0.380263885583247,0.863138399112446,1.84269455226366
0.5,-0.0352064441176856,0.388644175171972,0.685056203466889,-1.39816901332742,-1.57545432436215,-1.77544913658288,1.44208299118955,3.06107668429316,3.92483549230248
0.9,-0.279422800789664,-0.776268238848637,-0.833673942444749,-0.979249397067593,-2.94656299046133,-3.91127427665928,0.558320616014156,1.15495110525994,2.09327182287445
0.95,-0.411069955578083,0.781638863481493,1.56538804165691,-1.33595693313522,-1.92153408558588,-1.93497481346564,0.318287814515363,3.50962479025151,5.18411077177465
0.5,0.123251847025405,0.92652242239554,1.42689111101157,-1.13763806210536,-1.08623998517604,-1.04267681363996,1.26107483427328,3.15154609281823,4.27207309117096
0.9,-0.166848968195449,0.2046185550882,0.465755071368255,-0.807528227598337,-0.760343371938508,-0.989297008104463,0.583337303770058,1.51917443173858,2.27495418550376
0.95,-0.737329764972508,-1.07363871799866,-0.985289278929787,-1.13738148248214,-2.58713618509025,-2.95776671189869,-0.319763720653947,0.312536916491903,1.11238837006328
0.5,0.00587590870442679,0.609253749658151,0.993614878482336,-0.986539709530162,-1.21681040727515,-1.31344754061776,1.20296816721146,2.8565733690214,3.87406452264498
0.9,-0.928113137560266,-0.319649692942321,0.526550689458164,-2.06263951924578,-4.58295232911631,-5.20967317718528,-0.231179110664085,2.99216002790504,5.03453662249787
0.95,0.0270012810429744,0.519089613328214,0.871523732236876,-0.599385755847195,-1.28553225149497,-1.72099697300993,0.833498249029928,2.35821031628576,3.39415076521108
0.5,-0.316807477969433,-0.19959838603299,0.00292870375026063,-1.1670650740619,-2.39073398383944,-2.7275415203667,0.876287394034159,2.12191895784354,2.92461309241728
0.9,-0.459485866117252,-0.753727249713127,-0.667092705384374,-1.24662326675815,-3.22082699188546,-3.95037264032754,0.79047088881896,1.81769852929435,2.68574066581447
0.95,-0.394685797581896,-0.376660584903106,-0.111845833949296,-1.49669796298748,-4.15338461870768,-5.44178080810713,0.452172572110102,2.41206242330165,3.7937554478457
0.5,-0.17536407436334,0.188959217934939,0.449389686413502,-0.851369241250497,-0.749646052778671,-0.754130630655529,0.683398085687945,1.46852083400919,2.06439245741666
0.9,-0.089870049710508,0.938045561110558,1.62702580703409,-0.971347309577137,-0.904903173485788,-0.71396834544474,0.730962933475264,2.64825334563364,3.90740692512204
0.95,-0.347889536629992,0.353002808377324,0.855678837198204,-1.34132973347224,-2.27752552123031,-2.56622341781238,0.341004111400839,2.383200308326,3.85785051223139
0.5,-0.0864557490191359,0.0853981318642114,0.276392215743674,-0.967210059412922,-1.91018425860955,-2.29711571561329,0.907777185734174,2.13973791928716,3.14442930843537
0.9,-0.330434215705661,0.29577356485638,0.778322257797438,-1.06530331673386,-1.36520885708512,-1.18158402431537,0.151679477672849,1.65286516090093,2.70886063552399
0.95,-0.709504285321432,-0.577845243562204,-0.293266567962587,-1.10470431278599,-1.99185426241166,-2.21794919828379,-0.357822563420303,0.737386847353319,1.60141597221248
0.5,-0.011963625965239,0.33038121841428,0.58754879893445,-0.579608053281204,-1.28162035346045,-1.74069617899485,0.671214185653117,1.92540768294679,2.94716163522705
0.9,-0.494202797456055,-0.00676724076587609,0.358467864358514,-0.914666664066235,-0.966042776608518,-0.991435005489754,-0.00672516277056365,1.00806693206506,1.82183349904045
0.95,-0.428757981926374,0.772639585616759,1.89431583967499,-1.86602407313693,-4.55594167183669,-5.40808119219508,1.05468000749311,6.07917223723626,9.47299575960118
0.5,-0.317589751282904,0.740762391667598,1.41388980864773,-0.987586799694575,-0.975839174165463,-1.16910583831226,0.399297467156817,2.98054639554652,4.40495771234058
0.9,-0.867573730093584,-1.21152121500787,-0.887308523148571,-1.51784930589802,-4.41621843874469,-5.42375689279279,-0.0959996554084633,1.51886838245038,3.36498199930974
0.95,0.582892203586,1.47387541818887,1.95660623627555,-0.63711236577391,-0.26899056342689,-0.136760566497677,1.60175613357161,3.19899215302465,4.11904934204438
0.5,-0.652444499721053,-0.933085418593669,-0.838058498816334,-1.30411640221025,-2.72700174911789,-3.27442459716814,-0.068155835282967,0.932842236353867,1.73871588761708
0.9,0.309997628505432,1.14823458433142,1.61093390345053,-0.525296666534532,-0.627189235230893,-0.658088397932744,1.03034699043465,2.64726462631305,3.66345840404824
0.95,-0.705511517210921,-0.913028605453352,-0.635791657129055,-2.15770205069886,-6.39214486880711,-7.41147651692629,0.419281703883858,2.99242475313004,4.84070324370395
0.5,-0.394533457699011,-0.481186355660013,-0.269426279507573,-1.02352045643269,-3.05850999892467,-4.10226922575216,0.214639086478815,1.86677854392684,3.21008098701449
0.9,0.21736543493135,0.971405640834745,1.46747638336576,-0.930419859108019,-1.39251806412617,-1.5610191407631,1.51786362977359,3.48272403806329,4.76897860660635
0.95,0.470254623783788,1.97096878502053,2.85569460945459,-0.672727269977402,-0.937899568036894,-1.2184133591934,1.63771599581619,5.02240030746632,7.03017483057366
0.5,-0.583843965455344,-1.03892986716388,-1.02223824680142,-1.95554741760844,-5.41799317953993,-6.50811740812621,0.182669993945195,1.99041586957603,3.34404401187575
0.9,-0.0690355256542097,-0.163301463462204,-0.064616699813535,-0.721979197626774,-1.2625821768498,-1.67125768635111,0.418394077047713,1.09620523098663,1.78132883489566
0.95,0.392848095151017,0.623576948911069,0.78985081353417,-0.438671338969417,-0.79798828803565,-0.976078707458127,1.23394679324348,2.32752767368901,2.90214629151629
0.5,-0.233466575269708,-0.907921969301266,-1.04058331089843,-1.21493733355146,-3.94096285071762,-5.15566642890069,0.635543875597246,1.89424219083109,2.64866737389789
0.9,-0.611193981458796,-0.312084938303319,0.162522274816457,-1.35068108069265,-2.75039564335667,-3.32748115979906,0.42266377751508,2.28194113014094,3.58417272800341
0.95,-0.143612916391769,0.474518678164607,0.879842739598509,-1.18967320997373,-1.37532232547288,-1.49341104879713,1.11730701971777,2.82428223659382,3.7714199505426
0.5,-0.36811636103505,-0.720427084091573,-0.754256778528501,-0.887473356529296,-2.44658884748511,-3.18415150324787,0.144629619447668,0.911476105584811,1.48863924507756
0.9,0.283260171714143,1.79788335827985,2.67505534401846,-0.806268590741001,-0.133314812497945,0.192959508661008,1.15609836966074,3.76646581449817,5.23858112632397
0.95,-0.103314313141066,0.0651375595023202,0.266299720629341,-0.60916857739542,-0.843962111845365,-1.07999667348984,0.397513158711589,1.06906953248435,1.72349731575643
0.5,-0.184745453002598,0.974817939107077,1.67813642273004,-1.04313160654901,-1.08760617721676,-1.0308533730451,0.466451652152788,3.20608775365337,4.71506866159656
0.9,-0.393788229402042,-0.439183844065278,-0.326998290533605,-1.07761109170543,-2.60945272143337,-3.23291523181206,0.107655204127705,1.35917343714237,2.04792354427885
0.95,-0.526386757131432,-0.497092110334199,-0.300090766487875,-0.977642713417763,-1.61289597943601,-1.80245897575684,-0.117365091693054,0.512329302130647,1.25977156569898
0.5,0.358732561422833,1.21660378276823,1.70220846514261,-0.781621421469162,-0.485644861954521,-0.426966281822502,1.45982999164321,3.04946663104734,3.97866394135044
0.9,-0.57676962526418,-0.268450324569318,0.0502398853617902,-1.02700176411274,-1.86066303662244,-2.10746800135249,-0.102647025895354,1.01423577600582,1.82948071778461
0.95,-0.669272244461813,-1.01465875145592,-0.955393597963246,-1.18306747517898,-2.91936761408478,-3.48565380740059,-0.139983267008777,0.672568083689422,1.34353671313124
0.5,0.269469307325447,1.27240587266299,1.921035715019,-0.558980239219442,-0.775478139095154,-0.861627248720663,1.09947170343163,3.14500867201087,4.55709657558155
0.9,1.09708784751847,2.96239415908176,3.96517181265579,-0.128642294735327,0.988116024192913,1.63167668479439,1.92029587064612,4.72857206418693,6.5390638163376
0.95,0.286982487889317,1.00969669354574,1.41826265166796,-0.594312242818793,-0.515235162796723,-0.470842792035717,1.16747835165668,2.76927418228607,3.68791140655487
0.5,-0.363596289999407,-0.0218789505031639,0.31714617478504,-1.09183434524594,-1.72594317674279,-1.90315237130439,0.566210580607744,1.81033464505114,2.73787194599533
0.9,-0.360474941219755,-0.404995559230142,-0.246848971343671,-1.36116144846419,-2.30300451895407,-2.82524489385347,0.442503596200126,1.63934695008935,2.5577196816912
0.95,-0.499283852495032,-0.0908548228176706,0.360599056127123,-1.1740737004341,-2.05284617230643,-2.50223314961948,0.313913394423825,1.93436244742214,3.57826069671158
0.5,0.473257731217521,1.73039006010887,2.45663044232511,-1.08025779565855,-0.680578953885701,-0.658124595180034,1.86479251609492,4.49977422460359,6.00995273381354
0.9,-0.14628685708265,0.127344095738698,0.398693367245689,-0.717311705878332,-0.995757613831355,-1.04816220103436,0.395283245996587,1.04872546156911,1.74612817879753
0.95,-0.326691457710442,-0.463818627488124,-0.372367380486413,-0.892388975364476,-1.49396323911319,-1.81206400269541,0.131216732833358,0.732146254336536,1.31614104342447
0.5,-0.37570929152122,-0.687918875754405,-0.742088377820758,-1.38072862738131,-4.98226675745363,-6.44395204105131,0.823374179440443,2.66354711383382,3.81402857179657
0.9,-0.782146714413831,-0.299958712461142,0.31229679406636,-1.43018248216805,-2.81999429497366,-2.8744775105646,-0.193084408736569,1.81522711161666,3.22779901804671
0.95,0.539932878696327,1.3540844072309,1.80255463102169,-0.194916513327305,-0.00426580728816683,0.184479344281797,1.25867355341691,2.68699943512233,3.53084520617166
0.5,0.647272656588036,1.77437708173132,2.43529551735383,-0.316487521421108,-0.334226514404193,-0.31293085329988,1.74833472582769,4.49336402851864,5.97071341582981
0.9,-0.473161178978065,-0.197858892681104,0.118671414722926,-1.1374985201682,-1.68330182171327,-1.90245911837055,0.0219985302624249,1.14088951185629,1.99814309194617
0.95,-0.550211322631519,-0.579006642301887,-0.441311908688572,-1.07804755762665,-2.02898015228473,-2.33932278269859,0.202725573435059,0.897862793900072,1.55177888787008
0.5,-0.299950175822266,0.193985773787462,0.570384699310444,-1.20249096653055,-1.60879418359741,-1.75260169555911,0.795100496472115,2.1916438382296,3.23147246971775
0.9,-0.588798856815209,0.0365494115742926,0.545843259368924,-0.981941058004191,-0.976251530738419,-0.95598249708717,-0.165092171347998,1.0025073557251,2.00143342691377
0.95,-0.503753250128465,-0.485941520348225,-0.29463185267508,-1.21590458060677,-2.4041682985174,-2.93092521168977,0.597118594087237,1.84244564413633,2.63652803299812
0.5,-0.569415256487338,-0.0754086085408766,0.364709891247937,-1.01545675240407,-1.67764357809079,-1.92195362183927,-0.138702800358266,1.21684752849189,2.07061137171993
0.9,-0.207409465731001,0.311742326951923,0.749529937076958,-0.768134363660338,-0.831970362422772,-0.876290913503018,0.348830326093412,1.5014763743123,2.5598127163334
0.95,-0.773467483567128,-0.782619065193508,-0.482933484345289,-1.39784695069584,-3.17178133141232,-3.72540128890186,-0.203854089238584,1.22724988800722,2.4015110504016
0.5,-0.237055730966237,0.158527314518883,0.429775957145211,-1.08748824891135,-1.4002540851463,-1.64229941756012,0.916944334827369,2.1469004662658,3.03331385039992
0.9,-0.624766864817475,0.435253563995105,1.30911815199093,-1.60918084035573,-3.36788652918339,-3.66219105879876,0.24839398285297,3.37970350817512,5.23589431127806
0.95,0.818295245341926,1.79516420449139,2.29992682942701,-0.435852946184304,-0.177795332526934,-0.207900610301913,1.80033529530364,3.90119898136183,5.05982041974923
0.5,0.76651264236131,2.06576593675239,2.77139880435257,-0.345961717137773,0.35077221650794,0.649821375782793,1.63658551285432,3.57514352953207,4.67179430101651
0.9,-0.742159766285018,-0.746723766092912,-0.458949752782809,-1.25668330133759,-2.74117277195831,-3.08342080392124,-0.256256467102668,1.00823022164022,2.14642407006421
0.95,-0.395337451399255,0.0381010365731207,0.408541803512367,-1.20720965006615,-1.75679972383681,-2.00170858526867,0.157950392121809,1.61369681096059,2.7257699444953
0.5,-0.268099581902398,-0.0173427882309119,0.223960752567847,-1.20938106022947,-1.88171790366247,-2.27706258991808,0.969967226591767,2.32390458514028,3.24822476688183
0.9,-0.504707877686,-0.000464572676941155,0.511980843621035,-1.63221611436639,-2.77382220443193,-3.11826233411833,0.39153863338351,2.96837756527168,4.53868768807054
0.95,-0.268308703283535,-0.217056636025571,0.00546281326947529,-1.24292502382301,-1.88705022310285,-2.22197983730027,0.597598284766585,1.60662416094352,2.39533097843205
0.5,-0.776803690044446,-1.95775825236376,-2.23184606727238,-1.89467941518776,-6.56504752181822,-8.31534745004138,-0.0239408569137193,1.07057688805847,2.20451285333296
0.9,-0.395804559147753,-0.0136092724683706,0.360731756886731,-1.21633446552197,-1.85718814307126,-2.22518286748284,0.647444481972273,2.03356855752844,3.05573807780297
0.95,-0.309459038752455,-0.152279681202534,0.0185846127135931,-0.924128223308682,-1.89337688312309,-2.32707714832188,0.335584451921102,1.57711747258993,2.32341232329746
0.5,-0.205829335385341,-0.115585595196246,0.0202636694144844,-1.39545992649981,-2.16337839583397,-2.68211146633862,1.15376693104137,2.59921097630104,3.55457463888203
0.9,-0.51557667091948,-0.479558516675364,-0.330971601515172,-0.965132032716744,-1.41192438191249,-1.73345359767874,-0.0325092112006675,0.574131899277303,1.23892469246872
0.95,-0.68888736347478,-0.222217270002346,0.325722239375216,-1.21988453426565,-2.1591852172448,-2.42748479252769,0.0906694111986795,1.61142118513015,2.57313161601563
0.5,0.0251547000734468,0.454957124187599,0.780258152448306,-0.514498671089321,-0.569092021046817,-0.654014381604387,0.645369545713926,1.41789629737338,2.15717356754148
0.9,-0.504144617598818,-0.273569628920041,0.0352259416180922,-1.36173892238309,-2.23922555847587,-2.52353989596528,0.132865948422251,1.78446218821099,2.92513713915075
0.95,-0.253300404847388,0.431869517605081,1.06512553158181,-1.28390072934522,-2.41266741548236,-2.574279949699,1.15183308696099,3.74429926477777,5.55029851789732
0.5,-0.0750859586534121,0.124552731599393,0.331336685008728,-0.724036102606785,-1.14412064651441,-1.54684815983262,0.383204482103333,1.38541738981901,2.12540620645925
0.9,-0.553569707145796,-0.227050909626488,0.20783065811838,-1.13941122907384,-1.94851246057685,-2.2065670840584,0.386536750239855,1.93062169585816,2.90289509877006
0.95,-0.458665222943393,-0.0215106086202774,0.376647028301942,-0.897954597749039,-1.01902364658393,-1.03630684651259,-0.03855462564675,0.808845859186865,1.62011963691691
0.5,-0.501248020187734,-1.2771527085186,-1.2284761228209,-2.3870571554597,-8.13814040553166,-10.6138600592837,1.21510862750004,4.45884838756661,6.9271155364855
0.9,0.211258486070882,0.727714169512727,1.08409045466591,-0.458452524514607,-0.217532206895708,-0.177138786607433,0.909182537108049,2.08316321494772,2.69107693737787
0.95,-0.548163453566879,-0.0411126272910234,0.378674354547525,-0.997751409575109,-1.34774936939721,-1.42101772615282,-0.070546805541178,1.05966988906557,1.92139380214547
0.5,0.269050572987659,1.04077243032059,1.51566839310139,-0.523401994613504,-0.612032405566692,-0.82250105482637,1.0586900761213,2.83013429436055,3.91492216696212
0.9,-0.485367284148549,-0.657472422288441,-0.522182309440859,-1.3831056228149,-3.77655157532401,-4.73312843797762,0.154547548125694,1.78002980213386,2.94576464124138
0.95,-0.349942713208301,1.06206326264551,1.96396928246223,-1.31145016773125,-1.71250443111295,-1.91698381652143,0.448491538867139,3.6750670076598,5.53394837373621
0.5,-0.531125260620357,-0.191691224019366,0.183772173416744,-1.31039940811825,-2.1837321701934,-2.42834542785388,0.0410158405491703,1.58587767696493,2.52203594882914
0.9,0.0563586466631963,0.395717746289104,0.693834336412156,-0.565664506068125,-0.694675925824515,-0.836425718721206,0.695392369597167,1.5399993521367,2.18574502968106
0.95,-0.327551980527541,-0.165739443399968,0.0350942230153499,-1.21635640170119,-1.97168426102936,-2.40828655776258,0.881346476070151,2.13084404331414,2.92909376140684
0.5,0.417271722865181,1.34881467184079,1.88697934039324,-0.58903404571942,-0.211790747822925,0.0216064198524011,1.41021004972653,2.96181801044405,3.85872442309896
0.9,-0.586483990299555,0.00124486694308506,0.804106379363732,-1.44764367933391,-3.5571554340054,-4.44410205261804,0.3496817513408,3.37686195290315,5.5263689930187
0.95,-0.531106350111255,0.622008453193374,1.44535092062306,-1.31974220817405,-2.04101137989017,-2.16555234767,0.202192766890066,3.52703832852718,5.28184510454003
0.5,-0.383368055879944,-0.414386169694468,-0.181702959922186,-1.38545817660175,-3.28317076161599,-4.16708849066499,0.875053474874579,2.82242073256099,3.92323669342547
0.9,-0.627431439600462,-0.624674806250028,-0.248340756655433,-1.41693824895847,-3.4754676684687,-4.18047661854779,0.182158632035678,2.04792122427457,3.72070113474418
0.95,0.493397180236153,1.26900996430736,1.73065704791623,-0.469101438191375,-0.303492307934449,-0.177076904508015,1.37122698106987,2.87030853969237,3.76282642199632
0.5,-0.600500628025753,-1.14623046671457,-1.1544382780283,-1.20490871613725,-3.58268272620318,-4.20248224163082,0.280504982489274,0.879825995631686,1.68564911548872
0.9,0.14047548691638,0.343893226962884,0.496782210771118,-0.885532667434269,-1.94591350063766,-2.35670303376171,1.14377488070729,2.56627338342835,3.34383332299591
0.95,-0.260175267240937,-0.222218677219462,-0.0977617674388469,-0.818114652185871,-1.91653177154611,-2.39079007228092,0.223790712772632,1.17150919691449,1.92735390810148
0.5,-0.482539466919853,-0.516200893551038,-0.266815985815314,-1.16443407931892,-3.2031420262872,-4.07583836012774,0.225084759970603,1.7921819856598,3.16743147661241
0.9,-0.448092767313476,-0.392308475665992,-0.231522805112559,-0.856191961612509,-1.2946307888144,-1.57012121726567,-0.0752468486050897,0.577665344391209,1.18011303819277
0.95,-0.81331346565699,-1.04373075664322,-0.69890692419736,-1.90304479866901,-5.47909415918956,-7.01634627629134,-0.025181501547395,2.42714144017717,4.26382124055225
0.5,0.107068796617957,1.0360677641192,1.60673544708393,-1.07655017025271,-0.751262172877505,-0.526987901772712,1.30573068852241,3.06393175705055,4.10268728725491
0.9,-0.479215957802364,-0.40141017987107,-0.235937418092997,-1.07591127817059,-1.65979489223611,-1.91417521754065,0.399642096765184,1.42251347572583,1.81921170552724
0.95,-0.700045445796931,-1.19823906928552,-1.19345112509335,-1.21277439293839,-3.02287277326238,-3.67127741736847,-0.190937497326937,0.503636719876908,1.21932330492134
0.5,-0.571125902587728,-0.875386536946674,-0.873295291666983,-1.06240215002786,-2.44647986738494,-3.05625128733823,-0.0273537257992452,0.605797569304667,1.30457930137102
0.9,-0.0988099767194503,0.426877012670046,0.796581095578374,-1.22447535023883,-1.66394019816547,-1.92652961712349,1.20890220336102,2.7385911030649,3.68119586455757
0.95,-0.232706196863795,0.421097734242774,0.858506314749891,-0.781525035881586,-0.441163099583983,-0.389381702510072,0.402687886297987,1.39955464675787,2.1759013194473
0.5,-0.167837606055749,0.211733150914459,0.500265414000877,-1.25223691744985,-2.10710993146328,-2.58974762173124,1.0369142750355,2.73397080424952,3.7648112010576
0.9,-0.0964540066734189,0.0548904618929374,0.211462913132667,-0.830553358949744,-0.967039143031796,-1.19514917825808,0.759445132361952,1.45401364002306,1.95949897484936
0.95,-0.531900933007743,-0.580936017827419,-0.423011233669702,-1.09833062625402,-2.34074414010922,-2.56718128609284,0.221864112949019,0.924743052546025,1.65800852680015
0.5,-0.329214936800826,0.0353079648201295,0.304207112591095,-0.869065181982592,-1.02957586682896,-1.36305423174155,0.237995449456201,1.31494670775569,2.07203323816073
0.9,-0.250005913150536,0.416223572732919,0.978200660965111,-1.42640055718715,-3.3778082828207,-4.06964784225642,0.91852100731369,3.60153488850233,5.19501852329377
0.95,-0.097770344230678,0.0961282583118592,0.266966524382957,-0.962231342969923,-1.21234937940134,-1.35805924589,0.945235276768098,1.84655250951045,2.50379914389157
0.5,-0.193000126052592,0.431586617210117,0.920137154688253,-0.703549080065113,-0.714989094997463,-0.768479251880337,0.28877834686197,1.42444672457406,2.35815809174447
0.9,-0.499403224070926,-0.48021878228971,-0.275118221762173,-1.44233903702253,-2.3849702121744,-2.73881970722968,0.20330143254494,1.83282701823753,2.90375812562318
0.95,-0.10793666777294,0.328684260446687,0.759056713947565,-1.05767340511741,-2.15356064944884,-2.6445783623096,0.800227630238656,2.932399297893,4.40964887698698
0.5,-0.912720491906197,-0.877038563983652,-0.375659754167814,-1.58598256269266,-4.07363649560583,-4.66598971806584,-0.205204534839623,2.13148389930512,3.72159143137649
0.9,-0.588961271768372,-0.157364268889492,0.297869370792694,-1.20566810909794,-1.92412398562006,-2.22621518394359,0.282714244026103,1.93474616913396,3.17217607455127
0.95,-0.337941343296875,0.202839597222916,0.582848376778776,-0.952497206804678,-1.27940983356528,-1.34288882565889,0.283097878399066,1.66608010371203,2.50755138342603
0.5,-0.339537599384845,-0.0510110094180763,0.263436972027858,-1.18213535660177,-1.91185708181062,-2.32014663350945,0.747981027054682,2.31703595814498,3.1079324600594
0.9,-0.478022019068276,-0.0862323991811102,0.306313007630398,-0.984727702838503,-1.40791862022977,-1.5134824033188,0.0957121204586727,1.17085380217878,2.22087302885023
0.95,-0.293972935263847,-0.239868055118526,-0.0434314531629037,-0.950069960465646,-1.85539160818634,-2.23010738786304,0.469066188161643,1.41870025272191,2.05335508093636
0.5,-0.261232695488496,0.0042461055823778,0.244337632304826,-1.19203598670784,-1.77226788550634,-2.13592584776025,0.926720389567458,2.25431032969005,2.95874844867701
0.9,-0.259363976795866,0.109482450353689,0.445276012869342,-1.18948990074004,-2.02021956406133,-2.45995053860527,0.800104846753207,2.49046158792542,3.50738438139213
0.95,-0.484391379523782,0.129230169551385,0.862087438601215,-1.67984972752069,-4.35614837004025,-5.42326517453131,0.732858437086972,4.09722081542809,6.31288384805978
0.5,-0.479652251864995,-0.975074758347555,-1.09761243012246,-1.13836722631021,-3.5650346653487,-4.72691262489966,0.0794652584473443,1.01300342690828,1.66712670828575
0.9,0.304952916057562,0.598842070152905,0.845455092851822,-0.537148246358826,-0.630442861794965,-0.868547511538003,1.06309697883571,2.32117976783954,3.04425454813027
0.95,1.0642163565097,1.81013329220361,2.23757684829615,0.265449762581359,-0.0065561961318507,-0.0308716994675404,1.66152014335582,3.36826713440704,4.42294434138087
0.5,-0.505139926800309,-0.0421244187549735,0.389837503757719,-1.12715848654846,-1.73771830019106,-1.68904463987486,-0.0382224462723041,1.2977021396084,2.25556814760263
0.9,-0.760702704649681,-0.511272366056438,-0.0990101304273757,-1.18641251652377,-2.09935195637477,-2.29622666216815,-0.309685174733905,0.918549901770884,2.11778029854069
0.95,-0.810612445265992,-1.39973855994666,-1.39287049449076,-1.35874372783394,-3.32093653079498,-3.9652767457984,-0.332636491681505,0.300166750864027,1.15268954973955
0.5,-0.168849195868463,0.441206529044197,0.893568944353024,-0.876864674917378,-1.23380921653274,-1.22266696869008,0.56043285443418,2.23942594062922,3.35446001782167
0.9,-0.110341570995624,0.0265586361905212,0.19289709616544,-1.39844700877234,-2.09766654466531,-2.52765015630505,1.36095140995974,2.77565719760236,3.73335407045826
0.95,-0.407588175266015,-0.25792759699102,-0.0255069176455871,-0.899754444188614,-1.2021053267879,-1.38086684877812,-0.000982930317549401,0.634733430745279,1.28249921033405
0.5,-0.470089310983477,-0.727612278118037,-0.690591941344261,-1.26182555827419,-3.28684853352961,-3.93442818246318,0.0890870591265691,1.26959120912978,2.13737537810048
0.9,-0.287421928308766,-0.0251660268769991,0.284636015766271,-1.3488860340786,-2.49807331364996,-2.96253382844057,0.506913324368734,1.97602587453686,3.27715811488112
0.95,-0.387809791353,-0.187848590608704,0.109762735115905,-1.02305132830654,-2.12384449239639,-2.63572183840921,0.0980403035291722,1.51219861890604,2.61963936446139
0.5,-0.267004559119604,-0.385997746889412,-0.271964274089468,-0.808662451021408,-1.44014040831059,-1.71845940699399,0.334036775457982,0.663180937079108,1.37555786664968
0.9,-0.322086592261991,0.116169868763285,0.460084895468646,-0.795943646179035,-0.70844799235932,-0.635842014704968,0.33335329061299,1.02570241724927,1.65871242384091
0.95,0.0441567949805233,0.943949956131697,1.51043572759818,-0.584561035065169,-0.259266146814966,-0.116835059543997,0.825660299550776,2.31599783612075,3.29569319028247
0.5,-0.704249855554606,-0.783207853938847,-0.55567202769049,-1.30383171225865,-2.68907764885213,-3.21345010210848,-0.0761154274431986,1.06591386721132,2.0292480210301
0.9,-0.272289349770787,0.976483116129593,1.84319041382844,-2.01513235369686,-3.92191535870305,-4.75923815720916,0.92905499300513,5.2969859389139,7.90179004926716
0.95,-0.650360413011246,-0.807961092524914,-0.680270934555967,-1.06933823359359,-2.25564420108605,-2.67260895963582,-0.230783220279333,0.477026919739826,1.25764873183598
0.5,-0.0985970034098854,0.840348974094118,1.48084983605142,-0.933673281532451,-1.18839905481647,-1.12459826111236,0.68922829693388,2.81266636640116,4.0207405234278
0.9,0.857167696366254,2.12287492798362,2.79291659835916,-0.515581083477025,-0.151896320837469,0.0293167058702536,1.88360917403041,4.50898631922957,6.05163871888937
0.95,-0.688395446517263,-0.0574880023926122,0.534450254590475,-1.15091864459407,-1.885615394446,-1.86836945995292,-0.166569678658457,1.54156670134258,2.94929732273174
0.5,-0.0254801983831802,-0.213988446210894,-0.273889271339099,-0.89503103038262,-2.18778842529824,-2.85702869870116,0.92245952721382,1.7292457527305,2.21757599443772
0.9,-0.77167834207804,-0.471408133383488,0.219262971687993,-1.78146289075073,-4.71401755547553,-5.85539808030083,0.372415878764167,4.078362502029,6.56011137330108
0.95,-0.569245516051607,0.546336959707254,1.36645949920595,-1.36099641332525,-2.27661549584979,-2.25119521400516,0.124785875423998,3.07187766111027,4.8462698700765
0.5,0.176321612583805,0.822881948397353,1.22261300281181,-0.598610187716363,-0.643190531357555,-0.532083182117861,1.02515801081022,2.62714401548268,3.56092899876237
0.9,-0.0561679222261179,0.688012094483352,1.23944771145816,-0.863530562338719,-1.1639648390367,-1.330040691797,0.745569867785444,2.80658422052834,4.21972213855205
0.95,-0.0986234600729045,0.176405393145612,0.413365342542243,-0.63206083833369,-1.41481631001996,-1.67050507141584,0.394393258178611,1.53508005349077,2.46693326823516
0.5,-0.30655324256846,0.306609784608698,0.720558679813434,-0.730054072865067,-0.922305152892961,-1.15162360354636,0.155949342930571,1.59685976340896,2.39286440498764
0.9,-0.67715538115657,-1.05975593423581,-0.974556477008029,-1.7896098173029,-4.66093109381873,-5.35684990757318,0.0471260530202694,1.55506148145017,2.80283171526023
0.95,-0.137505511929666,0.113674371994658,0.396204322876657,-0.64168522201011,-0.753193467873846,-0.886528529548052,0.41070399492667,1.11753328282445,1.94204815896408
0.5,-0.458454140374432,-0.859767834981722,-0.853567819828174,-1.57164645754425,-5.14350966036602,-6.3275859754945,0.32617247939177,2.13014991826912,3.2774577512383
0.9,-0.468877027447742,0.241322113602335,0.785668924416171,-1.13442866285979,-1.43786224935975,-1.37438615000868,0.27993328072634,1.90499389189979,2.98865317597997
0.95,-0.971249110324174,-2.10563450309959,-2.24431815310101,-1.98912493468517,-6.41429538794957,-8.11153017350783,-0.275713585825097,1.04559315881748,2.27704205236069
0.5,-0.470649046806967,-0.221582003124443,0.0749605748545031,-1.11956759887873,-1.80667067951374,-2.11193560861626,0.531463886706868,1.5868837766003,2.44114369533169
0.9,0.325843183937164,1.16455632792527,1.67209735700473,-0.500807073537,-0.78706625356501,-0.842233289434899,1.42171730258234,3.50822427569179,4.64072501193421
0.95,-0.732733225805007,-1.44521238153147,-1.56560765252836,-1.40526269896691,-4.18279874025388,-5.07369680619763,-0.238478932997708,0.536465194060082,1.47989519157062
0.5,-0.0348607884548195,0.465433846181844,0.795659068585747,-0.860691089213568,-0.761621321763316,-0.990323360373051,0.949867837562456,2.1389226536919,2.9614404627249
0.9,-0.334084347008517,-0.0149177265797915,0.356604609378367,-1.47462852570042,-2.24991858932605,-2.57535273865309,0.350326063964749,1.91149942470653,3.13571798128735
0.95,-0.484589198588001,-0.211340838153166,0.245874487993516,-1.1378024937891,-2.28335872518972,-2.65946186916933,0.375412380114767,2.10943687658424,3.31606716017801
0.5,0.22911550597362,0.705975918649242,1.10126745314053,-0.942326308194418,-1.55926282020534,-1.8914777317783,1.19832351101605,3.24466501873373,4.52649277466933
0.9,-0.0676689837255513,0.645761764138852,1.10686802270798,-0.89993556679052,-0.999395835608452,-0.909990315463788,0.907147543269154,2.42145038306359,3.44274840795141
0.95,-0.245157654281616,-0.58250494759386,-0.613718631311352,-0.88857130937797,-2.20220359020538,-2.82025952186877,0.432993898878352,0.99986424500611,1.643484764208
0.5,-0.481346453667522,-0.304197264318896,-0.0550288286938607,-0.967075563939083,-1.47179381254998,-1.71234319349457,0.00033832868825383,0.921623649735604,1.7724877074835
0.9,-0.507053360287921,-0.642446332981562,-0.548913873206348,-0.922621839750752,-1.87345966524354,-2.27549808948491,-0.141551189220248,0.547963544900869,1.18117460721563
0.95,-0.791264249236696,-1.18383915873009,-0.957628132296111,-1.24090136222004,-3.4211941682314,-4.05530737326192,-0.333612235899028,0.783225024619725,2.01263951350764
0.5,-0.0947581239152821,-0.249325204197307,-0.217141878880225,-0.732268471592938,-1.3739131744728,-1.77032957341619,0.550096436899236,1.06154547460167,1.63474040427317
0.9,-0.540471785950086,-1.33175800966697,-1.48235027563182,-1.74175713153067,-6.16271129155256,-7.55127552702297,0.327891751007141,2.04208339483927,3.2479263023993
0.95,-0.43529703524145,-0.464700318025182,-0.182602094475701,-2.1650483325002,-4.74510488139117,-6.08282197940435,1.02325611567257,3.94370639496247,5.75331369543592
0.5,-0.559161574907494,-0.285273742353684,0.0873025476213941,-1.20461166136082,-2.09058451390439,-2.38994187162838,0.477354165549341,1.62228744752224,2.41620019601067
0.9,-0.120603259371225,0.211255439202382,0.534655673557254,-0.798930387631338,-1.32524713199938,-1.4097389201388,0.4442770744954,1.48005861629597,2.27300631041142
0.95,-0.510569754529408,-0.445728054125184,-0.248646663156882,-1.12165509191027,-1.78446427668057,-2.07649670395068,0.012831694087947,1.09398921200965,1.88417959740845
0.5,-0.720373224209389,-0.11878175845995,0.669119378461439,-1.61229314909301,-3.82128176957235,-4.50959246340832,0.132521970713218,3.04580397557984,4.92047788037398
0.9,0.0179115499445676,0.298181066037966,0.462084603477175,-1.13689441069537,-1.74104470391833,-2.16312000213005,1.26215421224164,2.48417574230432,3.15542941384955
0.95,-0.0599260638838575,0.428397498118249,0.757554301125364,-1.25185735997183,-1.73123558384144,-1.93410622280039,1.31754063594269,2.80171626888857,3.74400063718689
0.5,0.134804234443054,1.31697524086031,2.04137980950804,-0.748502689260843,-0.503286163741828,-0.542812619286434,0.916760152558723,3.26844341137166,4.6533528326401
0.9,-0.32924962057261,-0.423022647706843,-0.377585272489674,-0.894579161865256,-2.09918815001381,-2.81288993072754,0.174553959145723,1.07913174592229,1.77304262726274
0.95,-0.187878437609045,0.122664556610575,0.344454483731068,-1.01417360698391,-1.18876146258697,-1.36034986808345,0.89061341447002,1.86511841141488,2.46234291073233
